Abel,Maclead,37275 St  Rt 17m M,Middle Island,NY,11953,631-335-3414,amaclead@gmail.com,M,56mcqzpR,S,0,0,.
Adelina,Nabours,80 Pittsford Victor Rd #9,Cleveland,OH,44103,216-230-4892,adelina_nabours@gmail.com,F,HNbuSYRh,V,0,0,.
Adell,Lipkin,65 Mountain View Dr,Whippany,NJ,79810,973-654-1561,adell.lipkin@lipkin.com,F,GW3q2JNh,V,0,0,.
Ahmed,Angalich,2 W Beverly Blvd,Harrisburg,PA,17110,717-528-8996,ahmed.angalich@angalich.com,M,dtzefVAt,N,0,0,.
Aja,Gehrett,993 Washington Ave,Nutley,NJ,71100,973-544-2677,aja_gehrett@hotmail.com,M,ZKCWm8RG,V,0,0,.
Alaine,Bergesen,7667 S Hulen St #42,Yonkers,NY,10701,914-300-9193,alaine_bergesen@cox.net,F,wq6WWM46,N,0,0,.
Albina,Glick,4 Ralph Ct,Dunellen,NJ,88012,732-924-7882,albina@glick.com,F,VAk55ft7,V,0,0,.
Alease,Buemi,4 Webbs Chapel Rd,Boulder,CO,80303,303-301-4946,alease@buemi.com,F,XQbH2vSk,V,0,0,.
Alecia,Bubash,6535 Joyce St,Wichita Falls,TX,76301,940-276-7922,alecia@aol.com,F,nbk4PpuY,N,0,0,.
Alesia,Hixenbaugh,9 Front St,Washington,DC,20001,202-646-7516,alesia_hixenbaugh@hixenbaugh.org,F,AFGNDMJT,V,0,0,.
Alex,Loader,37 N Elm St #916,Tacoma,WA,98409,253-660-7821,alex@loader.com,F,GUvbVP73,S,0,0,.
Alisha,Slusarski,3273 State St,Middlesex,NJ,80846,732-658-3154,alisha@slusarski.com,M,czKPRDse,N,0,0,.
Alishia,Sergi,2742 Distribution Way,New York,NY,10025,212-860-1579,asergi@gmail.com,F,Y8LQahXz,N,0,0,.
Aliza,Baltimore,1128 Delaware St,San Jose,CA,95132,408-504-3552,aliza@aol.com,M,ZBAya2DW,N,0,0,.
Allene,Iturbide,1 Central Ave,Stevens Point,WI,54481,715-662-6764,allene_iturbide@cox.net,M,nyfxvrwf,V,0,0,.
Alline,Jeanty,55713 Lake City Hwy,South Bend,IN,46601,574-656-2800,ajeanty@gmail.com,F,jtXGwn3J,S,0,0,.
Alpha,Palaia,43496 Commercial Dr #29,Cherry Hill,NJ,80003,856-312-2629,alpha@yahoo.com,M,wqNcqTRy,N,0,0,.
Alyce,Arias,3196 S Rider Trl,Stockton,CA,95207,209-317-1801,alyce@arias.org,F,GcqExqwu,N,0,0,.
Amber,Monarrez,14288 Foster Ave #4121,Jenkintown,PA,19046,215-934-8655,amber_monarrez@monarrez.org,F,uVLXJskt,S,0,0,.
Amie,Perigo,596 Santa Maria Ave #7913,Mesquite,TX,75150,972-419-7946,amie.perigo@yahoo.com,M,dptT6YHY,N,0,0,.
Ammie,Corrio,74874 Atlantic Ave,Columbus,OH,43215,614-801-9788,ammie@corrio.com,F,aRxXBhTs,N,0,0,.
An,Fritz,506 S Hacienda Dr,Atlantic City,NJ,84001,609-228-5265,an_fritz@hotmail.com,F,uENVdN27,N,0,0,.
Andra,Scheyer,9 Church St,Salem,OR,97302,503-516-2189,andra@gmail.com,F,BrBp2TXZ,S,0,0,.
Angella,Cetta,185 Blackstone Bldge,Honolulu,HI,96817,808-892-7943,angella.cetta@hotmail.com,M,VmVuwFny,N,0,0,.
Annabelle,Boord,523 Marquette Ave,Concord,MA,10742,978-697-6263,annabelle.boord@cox.net,M,ZGYKdaqb,S,0,0,.
Annelle,Tagala,5 W 7th St,Parkville,MD,21234,410-757-1035,annelle@yahoo.com,M,pU85RFBe,S,0,0,.
Annmarie,Castros,80312 W 32nd St,Conroe,TX,77301,936-751-7961,annmarie_castros@gmail.com,M,G3NZcUUb,N,0,0,.
Antione,Onofrio,4 S Washington Ave,San Bernardino,CA,92410,909-430-7765,aonofrio@onofrio.com,F,DPRkaxmZ,V,0,0,.
Arlene,Klusman,3 Secor Rd,New Orleans,LA,70112,504-710-5840,arlene_klusman@gmail.com,M,sKfxwVH3,S,0,0,.
Arlette,Honeywell,11279 Loytan St,Jacksonville,FL,32254,904-775-4480,ahoneywell@honeywell.com,F,AhazAAHW,N,0,0,.
Arminda,Parvis,1 Huntwood Ave,Phoenix,AZ,85017,602-906-9419,arminda@parvis.com,M,NBAMTXQg,S,0,0,.
Art,Venere,8 W Cerritos Ave #54,Bridgeport,NJ,80140,856-636-8749,art@venere.org,F,EryWkzud,N,0,0,.
Arthur,Farrow,28 S 7th St #2824,Englewood,NJ,76031,201-238-5688,arthur.farrow@yahoo.com,F,JL6SzBep,S,0,0,.
Ashlyn,Pinilla,703 Beville Rd,Opa Locka,FL,33054,305-670-9628,apinilla@cox.net,M,wsFDWWDC,V,0,0,.
Audra,Kohnert,134 Lewis Rd,Nashville,TN,37211,615-406-7854,audra@kohnert.com,F,TFgAKSws,V,0,0,.
Audry,Yaw,70295 Pioneer Ct,Brandon,FL,33511,813-797-4816,audry.yaw@yaw.org,M,BFWE7GUs,S,0,0,.
Avery,Steier,93 Redmond Rd #492,Orlando,FL,32803,407-808-9439,avery@cox.net,M,2nCDeVaf,S,0,0,.
Barbra,Adkin,4 Kohler Memorial Dr,Brooklyn,NY,11230,718-201-3751,badkin@hotmail.com,M,YhCrkSYZ,N,0,0,.
Barrett,Toyama,4252 N Washington Ave #9,Kennedale,TX,76060,817-765-5781,barrett.toyama@toyama.org,F,YefY8Bm3,S,0,0,.
Beatriz,Corrington,481 W Lemon St,Middleboro,MA,23460,508-584-4279,beatriz@yahoo.com,M,9NMJTQEX,S,0,0,.
Beckie,Silvestrini,7116 Western Ave,Dearborn,MI,48126,313-533-4884,beckie.silvestrini@silvestrini.com,M,wh4HAyhM,N,0,0,.
Becky,Mirafuentes,30553 Washington Rd,Plainfield,NJ,70602,908-877-8409,becky.mirafuentes@mirafuentes.com,M,kQEdKBnP,V,0,0,.
Belen,Strassner,5384 Southwyck Blvd,Douglasville,GA,30135,770-507-8791,belen_strassner@aol.com,M,KP2D4hpe,V,0,0,.
Benedict,Sama,4923 Carey Ave,Saint Louis,MO,63104,314-787-1588,bsama@cox.net,M,wX3X9fzQ,S,0,0,.
Benton,Skursky,47939 Porter Ave,Gardena,CA,90248,310-579-2907,benton.skursky@aol.com,M,fKt8yHn2,V,0,0,.
Bernardine,Rodefer,2 W Grand Ave,Memphis,TN,38112,901-901-4726,bernardine_rodefer@yahoo.com,M,WAmGqS7j,N,0,0,.
Bernardo,Figeroa,386 9th Ave N,Conroe,TX,77301,936-336-3951,bfigeroa@aol.com,F,aPJuRdNz,N,0,0,.
Bette,Nicka,6 S 33rd St,Aston,PA,19014,610-545-3615,bette_nicka@cox.net,M,cQUmD92Q,S,0,0,.
Billye,Miro,36 Lancaster Dr Se,Pearl,MS,39208,601-567-5386,billye_miro@cox.net,M,PHPyVFdc,V,0,0,.
Blair,Malet,209 Decker Dr,Philadelphia,PA,19132,215-907-9111,bmalet@yahoo.com,M,ktwWkcfd,V,0,0,.
Blondell,Pugh,201 Hawk Ct,Providence,RI,29004,401-960-8259,bpugh@aol.com,M,NPAHrxpW,N,0,0,.
Bobbye,Rhym,30 W 80th St #1995,San Carlos,CA,94070,650-528-5783,brhym@rhym.com,F,tNfS99Mg,N,0,0,.
Bok,Isaacs,6 Gilson St,Bronx,NY,10468,718-809-3762,bok.isaacs@aol.com,M,wRJMbfHu,N,0,0,.
Brandon,Callaro,7 Benton Dr,Honolulu,HI,96819,808-215-6832,brandon_callaro@hotmail.com,F,pEXbMM4Z,S,0,0,.
Brett,Mccullan,87895 Concord Rd,La Mesa,CA,91942,619-461-9984,brett.mccullan@mccullan.com,F,cPwHaxA8,V,0,0,.
Britt,Galam,2500 Pringle Rd Se #508,Hatfield,PA,19440,215-888-3304,britt@galam.org,M,qtcWpAmC,N,0,0,.
Brittni,Gillaspie,67 Rv Cent,Boise,ID,83709,208-709-1235,bgillaspie@gillaspie.com,M,genBUYjA,V,0,0,.
Brock,Bolognia,4486 W O St #1,New York,NY,10003,212-402-9216,bbolognia@yahoo.com,F,AJ4qHeLF,N,0,0,.
Buddy,Cloney,944 Gaither Dr,Strongsville,OH,44136,440-989-5826,buddy.cloney@yahoo.com,F,kPpQSd92,N,0,0,.
Bulah,Padilla,8927 Vandever Ave,Waco,TX,76707,254-463-4368,bulah_padilla@hotmail.com,F,LPhw578q,N,0,0,.
Caitlin,Julia,5 Williams St,Johnston,RI,20919,401-948-4982,caitlin.julia@julia.org,F,M2rEap56,V,0,0,.
Cammy,Albares,56 E Morehead St,Laredo,TX,78045,956-537-6195,calbares@gmail.com,M,MKAdrmsW,S,0,0,.
Candida,Corbley,406 Main St,Somerville,NJ,80876,908-275-8357,candida_corbley@hotmail.com,M,y7WBZadS,S,0,0,.
Caprice,Suell,90177 N 55th Ave,Nashville,TN,37211,615-246-1824,caprice@aol.com,M,MUrU78E3,N,0,0,.
Carey,Dopico,87393 E Highland Rd,Indianapolis,IN,46220,317-578-2453,carey_dopico@dopico.org,F,u43YsMYT,N,0,0,.
Carin,Deleo,1844 Southern Blvd,Little Rock,AR,72202,501-308-1040,cdeleo@deleo.com,M,XUw3ZAEt,S,0,0,.
Carissa,Batman,12270 Caton Center Dr,Eugene,OR,97401,541-326-4074,carissa.batman@yahoo.com,F,Rcng7RJv,S,0,0,.
Carlee,Boulter,8284 Hart St,Abilene,KS,67410,785-347-1805,carlee.boulter@hotmail.com,M,MNsaUuH7,V,0,0,.
Carma,Vanheusen,68556 Central Hwy,San Leandro,CA,94577,510-503-7169,carma@cox.net,M,VqcSKCsh,S,0,0,.
Carmela,Cookey,9 Murfreesboro Rd,Chicago,IL,60623,773-494-4195,ccookey@cookey.org,F,MpgxErcq,S,0,0,.
Carmelina,Lindall,2664 Lewis Rd,Littleton,CO,80126,303-724-7371,carmelina_lindall@lindall.com,F,rNUuu7LC,V,0,0,.
Carmen,Sweigard,61304 N French Rd,Somerset,NJ,88731,732-941-2621,csweigard@sweigard.com,M,4fNKC6sq,N,0,0,.
Casie,Good,5221 Bear Valley Rd,Nashville,TN,37211,615-390-2251,casie.good@aol.com,F,XmgjJLcw,S,0,0,.
Cassi,Wildfong,26849 Jefferson Hwy,Rolling Meadows,IL,60008,847-633-3216,cassi.wildfong@aol.com,F,YLNB7mh3,V,0,0,.
Catalina,Tillotson,3338 A Lockport Pl #6,Margate City,NJ,84002,609-373-3332,catalina@hotmail.com,M,wnDmA9ZV,S,0,0,.
Catarina,Gleich,78 Maryland Dr #146,Denville,NJ,78344,973-210-3994,catarina_gleich@hotmail.com,M,TRhBxU8D,S,0,0,.
Cathrine,Pontoriero,812 S Haven St,Amarillo,TX,79109,806-703-1435,cathrine.pontoriero@pontoriero.com,F,LMn2Q7h5,V,0,0,.
Cecil,Lapage,4 Stovall St #72,Union City,NJ,70827,201-693-3967,clapage@lapage.com,M,kMGUbJcu,S,0,0,.
Cecilia,Colaizzo,4 Nw 12th St #3849,Madison,WI,53717,608-382-4541,cecilia_colaizzo@colaizzo.com,M,vwXSBxFC,N,0,0,.
Cecily,Hollack,59 N Groesbeck Hwy,Austin,TX,78731,512-486-3817,cecily@hollack.org,M,eXXNcWYf,S,0,0,.
Celeste,Korando,7 W Pinhook Rd,Lynbrook,NY,11563,516-509-2347,ckorando@hotmail.com,M,YWY6659c,V,0,0,.
Ceola,Setter,96263 Greenwood Pl,Warren,ME,48164,207-627-7565,ceola.setter@setter.org,M,GPFgxP5A,S,0,0,.
Chanel,Caudy,86 Nw 66th St #8673,Shawnee,KS,66218,913-388-2079,chanel.caudy@caudy.org,F,PrLQr4Nf,V,0,0,.
Chantell,Maynerich,2023 Greg St,Saint Paul,MN,55101,651-591-2583,chantell@yahoo.com,F,K5qwTAVZ,N,0,0,.
Charlene,Hamilton,985 E 6th Ave,Santa Rosa,CA,95407,707-300-1771,charlene.hamilton@hotmail.com,F,PED6kePr,N,0,0,.
Chau,Kitzman,429 Tiger Ln,Beverly Hills,CA,90212,310-560-8022,chau@gmail.com,F,fe62sHcm,S,0,0,.
Chauncey,Motley,63 E Aurora Dr,Orlando,FL,32804,407-413-4842,chauncey_motley@aol.com,M,2Tx2kVHE,V,0,0,.
Chaya,Malvin,560 Civic Center Dr,Ann Arbor,MI,48103,734-928-5182,chaya@malvin.com,F,Lru8QmeF,S,0,0,.
Cherry,Lietz,40 9th Ave Sw #91,Waterford,MI,48329,248-980-6904,cherry@lietz.com,F,9Hp7AmCs,V,0,0,.
Cheryl,Haroldson,92 Main St,Atlantic City,NJ,84019,609-518-7697,cheryl@haroldson.org,M,azNFk4dJ,S,0,0,.
Christiane,Eschberger,96541 W Central Blvd,Phoenix,AZ,85034,602-390-4944,christiane.eschberger@yahoo.com,M,zZXN39aq,S,0,0,.
Ciara,Ventura,53 W Carey St,Port Jervis,NY,12771,845-823-8877,cventura@yahoo.com,F,kwHdW64W,S,0,0,.
Claribel,Varriano,6 Harry L Dr #6327,Perrysburg,OH,43551,419-544-4900,claribel_varriano@cox.net,F,dYVYbnFV,S,0,0,.
Clay,Hoa,73 Saint Ann St #86,Reno,NV,89502,775-501-8109,choa@hoa.org,F,wk2tkmzY,S,0,0,.
Clorinda,Heimann,105 Richmond Valley Rd,Escondido,CA,92025,760-291-5497,clorinda.heimann@hotmail.com,M,KFj9zL2C,N,0,0,.
Colette,Kardas,21575 S Apple Creek Rd,Omaha,NE,68124,402-896-5943,colette.kardas@yahoo.com,F,yP67a88p,S,0,0,.
Cordelia,Storment,393 Hammond Dr,Lafayette,LA,70506,337-566-6001,cordelia_storment@aol.com,F,QhALg8FL,N,0,0,.
Corinne,Loder,4 Carroll St,North Attleboro,MA,27605,508-942-4186,corinne@loder.org,M,FkuFwjJF,N,0,0,.
Cory,Gibes,83649 W Belmont Ave,San Gabriel,CA,91776,626-572-1096,cory.gibes@gmail.com,M,LKNbbgcD,S,0,0,.
Cristal,Samara,4119 Metropolitan Dr,Los Angeles,CA,90021,213-975-8026,cristal@cox.net,F,7YabC4sA,V,0,0,.
Cristy,Lother,3989 Portage Tr,Escondido,CA,92025,760-971-4322,cristy@lother.com,M,QFCNFACQ,V,0,0,.
Cyndy,Goldammer,170 Wyoming Ave,Burnsville,MN,55337,952-334-9408,cgoldammer@cox.net,M,QgGpGfQg,N,0,0,.
Cyril,Daufeldt,3 Lawton St,New York,NY,10013,212-745-8484,cyril_daufeldt@daufeldt.com,F,pwrN4Ahw,V,0,0,.
Dalene,Riden,66552 Malone Rd,Plaistow,NH,38657,603-315-6839,dalene.riden@aol.com,F,HxM3Mm4n,S,0,0,.
Dalene,Schoeneck,910 Rahway Ave,Philadelphia,PA,19102,215-268-1275,dalene@schoeneck.org,F,faGregux,N,0,0,.
Danica,Bruschke,840 15th Ave,Waco,TX,76708,254-782-8569,danica_bruschke@gmail.com,M,sSQdxyN2,N,0,0,.
Daniel,Perruzza,11360 S Halsted St,Santa Ana,CA,92705,714-771-3880,dperruzza@perruzza.com,F,GP9kfLrJ,V,0,0,.
Daniela,Comnick,7 Flowers Rd #403,Trenton,NJ,86116,609-200-8577,dcomnick@cox.net,F,KK9TnrzQ,V,0,0,.
Daren,Weirather,9 N College Ave #3,Milwaukee,WI,53216,414-959-2540,dweirather@aol.com,M,8SXwLgf8,N,0,0,.
Daron,Dinos,18 Waterloo Geneva Rd,Highland Park,IL,60035,847-233-3075,daron_dinos@cox.net,F,NecytQPn,S,0,0,.
Dean,Ketelsen,2 Flynn Rd,Hicksville,NY,11801,516-847-4418,dean_ketelsen@gmail.com,F,BZPTX7vv,N,0,0,.
Deandrea,Hughey,33 Lewis Rd #46,Burlington,NC,27215,336-822-7652,deandrea@yahoo.com,M,k2jLGQzc,N,0,0,.
Deeanna,Juhas,14302 Pennsylvania Ave,Huntingdon Valley,PA,19006,215-211-9589,deeanna_juhas@gmail.com,F,vzwMtsTg,V,0,0,.
Delisa,Crupi,47565 W Grand Ave,Newark,NJ,71051,973-354-2040,delisa.crupi@crupi.com,M,Lh4YtW52,V,0,0,.
Delmy,Ahle,65895 S 16th St,Providence,RI,29090,401-458-2547,delmy.ahle@hotmail.com,M,hrbcbLKv,V,0,0,.
Denise,Patak,2139 Santa Rosa Ave,Orlando,FL,32801,407-446-4358,denise@patak.org,M,6uCvRmDX,N,0,0,.
Deonna,Kippley,57 Haven Ave #90,Southfield,MI,48075,248-913-4677,deonna_kippley@hotmail.com,F,dd3QuZqY,S,0,0,.
Derick,Dhamer,87163 N Main Ave,New York,NY,10013,212-304-4515,ddhamer@cox.net,M,zuTW4VHS,N,0,0,.
Detra,Coyier,96950 Hidden Ln,Aberdeen,MD,21001,410-739-9277,detra@aol.com,M,zGHGrHLV,V,0,0,.
Devora,Perez,72868 Blackington Ave,Oakland,CA,94606,510-955-3016,devora_perez@perez.org,M,VmWjCjmX,V,0,0,.
Devorah,Chickering,31 Douglas Blvd #950,Clovis,NM,88101,505-975-8559,devorah@hotmail.com,M,KWwLTz4S,S,0,0,.
Diane,Devreese,1953 Telegraph Rd,Saint Joseph,MO,64504,816-557-9673,diane@cox.net,M,UjtqqbfU,N,0,0,.
Dick,Wenzinger,22 Spruce St #595,Gardena,CA,90248,310-510-9713,dick@yahoo.com,M,BwunzCvg,N,0,0,.
Dierdre,Yum,63381 Jenks Ave,Philadelphia,PA,19134,215-325-3042,dyum@yahoo.com,M,2ZBxaw7D,S,0,0,.
Dominque,Dickerson,69 Marquette Ave,Hayward,CA,94545,510-993-3758,dominque.dickerson@dickerson.org,M,CW5xz3ST,V,0,0,.
Donette,Foller,34 Center St,Hamilton,OH,45011,513-570-1893,donette.foller@cox.net,M,mr8QD9Wv,S,0,0,.
Donte,Kines,3 Aspen St,Worcester,MA,71602,508-429-8576,dkines@hotmail.com,F,rLfEJMGG,V,0,0,.
Dorothy,Chesterfield,469 Outwater Ln,San Diego,CA,92126,858-617-7834,dorothy@cox.net,F,PDA7kw9q,V,0,0,.
Dorthy,Hidvegi,9635 S Main St,Boise,ID,83704,208-649-2373,dhidvegi@yahoo.com,F,mwHVgXcx,V,0,0,.
Dottie,Hellickson,67 E Chestnut Hill Rd,Seattle,WA,98133,206-540-6076,dottie@hellickson.org,F,sn5W5a3s,S,0,0,.
Dulce,Labreche,9581 E Arapahoe Rd,Rochester,MI,48307,248-357-8718,dulce_labreche@yahoo.com,F,zanU2FZn,S,0,0,.
Dyan,Oldroyd,7219 Woodfield Rd,Overland Park,KS,66204,913-413-4604,doldroyd@aol.com,F,h9QZC9vB,V,0,0,.
Earleen,Mai,75684 S Withlapopka Dr #32,Dallas,TX,75227,214-289-1973,earleen_mai@cox.net,M,EYqVMHyz,N,0,0,.
Eden,Jayson,4 Iwaena St,Baltimore,MD,21202,410-890-7866,eden_jayson@yahoo.com,M,pWhKMhgv,N,0,0,.
Edna,Miceli,555 Main St,Erie,PA,16502,814-460-2655,emiceli@miceli.org,F,B8gV4Vjk,N,0,0,.
Eladia,Saulter,3958 S Dupont Hwy #7,Ramsey,NJ,74461,201-474-4924,eladia@saulter.com,M,HuaqKsfB,V,0,0,.
Elke,Sengbusch,9 W Central Ave,Phoenix,AZ,85013,602-896-2993,elke_sengbusch@yahoo.com,F,tQBjbmUm,N,0,0,.
Elli,Mclaird,6 Sunrise Ave,Utica,NY,13501,315-818-2638,emclaird@mclaird.com,M,NpyBPSr6,N,0,0,.
Elly,Morocco,7 W 32nd St,Erie,PA,16502,814-393-5571,elly_morocco@gmail.com,F,M94bArMz,N,0,0,.
Elouise,Gwalthney,9506 Edgemore Ave,Bladensburg,MD,20710,301-841-5012,egwalthney@yahoo.com,F,8W8XpHTq,S,0,0,.
Elvera,Benimadho,99385 Charity St #840,San Jose,CA,95110,408-703-8505,elvera.benimadho@cox.net,M,hvawXjnT,V,0,0,.
Elza,Lipke,6794 Lake Dr E,Newark,NJ,71044,973-927-3447,elza@yahoo.com,F,3XZpHuzA,N,0,0,.
Emerson,Bowley,762 S Main St,Madison,WI,53711,608-336-7444,emerson.bowley@bowley.org,F,UXSTZjTh,V,0,0,.
Erick,Ferencz,20 S Babcock St,Fairbanks,AK,99712,907-741-1044,erick.ferencz@aol.com,F,upsxv3Rr,V,0,0,.
Erick,Nievas,45 E Acacia Ct,Chicago,IL,60624,773-704-9903,erick_nievas@aol.com,M,rPBPScCH,S,0,0,.
Erinn,Canlas,13 S Hacienda Dr,Livingston,NJ,70392,973-767-3008,erinn.canlas@canlas.com,M,ryMuSkcB,S,0,0,.
Ernest,Syrop,94 Chase Rd,Hyattsville,MD,20785,301-998-9644,ernest@cox.net,F,QZQZQput,S,0,0,.
Ernie,Stenseth,45 E Liberty St,Ridgefield Park,NJ,76601,201-709-6245,ernie_stenseth@aol.com,M,KrTgdbPC,N,0,0,.
Estrella,Samu,64 Lakeview Ave,Beloit,WI,53511,608-976-7199,estrella@aol.com,M,4Py8CZyc,N,0,0,.
Ettie,Hoopengardner,39 Franklin Ave,Richland,WA,99352,509-755-5393,ettie.hoopengardner@hotmail.com,M,5xxNEWTh,S,0,0,.
Eun,Coody,84 Bloomfield Ave,Spartanburg,SC,29301,864-256-3620,eun@yahoo.com,F,XfBgjLRw,S,0,0,.
Evangelina,Radde,992 Civic Center Dr,Philadelphia,PA,19123,215-964-3284,evangelina@aol.com,M,fvSZu3Jb,N,0,0,.
Ezekiel,Chui,2 Cedar Ave #84,Easton,MD,21601,410-669-1642,ezekiel@chui.com,M,tY4pAjpX,V,0,0,.
Fabiola,Hauenstein,8573 Lincoln Blvd,York,PA,17404,717-809-3119,fabiola.hauenstein@hauenstein.org,F,9vjrfXv5,S,0,0,.
Fannie,Lungren,17 Us Highway 111,Round Rock,TX,78664,512-587-5746,fannie.lungren@yahoo.com,F,VSzJdYQa,V,0,0,.
Fatima,Saylors,2 Lighthouse Ave,Hopkins,MN,55343,952-768-2416,fsaylors@saylors.org,F,Pgw3pVh3,N,0,0,.
Fausto,Agramonte,5 Harrison Rd,New York,NY,10038,212-313-1783,fausto_agramonte@yahoo.com,F,tuxyQDYa,N,0,0,.
Felicidad,Poullion,9939 N 14th St,Riverton,NJ,80770,856-305-9731,fpoullion@poullion.com,F,QmbX4wqc,N,0,0,.
Felix,Hirpara,7563 Cornwall Rd #4462,Denver,PA,17517,717-491-5643,felix_hirpara@cox.net,M,SWNE2jsR,V,0,0,.
Fernanda,Jillson,60480 Old Us Highway 51,Preston,MD,21655,410-387-5260,fjillson@aol.com,F,VRphaGgC,V,0,0,.
Filiberto,Tawil,3882 W Congress St #799,Los Angeles,CA,90016,323-765-2528,ftawil@hotmail.com,M,H9j2xLyj,V,0,0,.
Fletcher,Flosi,394 Manchester Blvd,Rockford,IL,61109,815-828-2147,fletcher.flosi@yahoo.com,M,td3yWTtt,S,0,0,.
Flo,Bookamer,89992 E 15th St,Alliance,NE,69301,308-726-2182,flo.bookamer@cox.net,M,Ca8K5KfV,V,0,0,.
France,Buzick,64 Newman Springs Rd E,Brooklyn,NY,11219,718-478-8504,france.buzick@yahoo.com,F,tm7tLESu,N,0,0,.
Francine,Vocelka,366 South Dr,Las Cruces,NM,88011,505-977-3911,francine_vocelka@vocelka.com,M,UzJZhreP,N,0,0,.
Franklyn,Emard,4379 Highway 116,Philadelphia,PA,19103,215-558-8189,femard@emard.com,F,8r3tAC9w,N,0,0,.
Frederica,Blunk,99586 Main St,Dallas,TX,75207,214-428-2285,frederica_blunk@gmail.com,M,MyYHG9vk,V,0,0,.
Freeman,Gochal,383 Gunderman Rd #197,Coatesville,PA,19320,610-476-3501,freeman_gochal@aol.com,F,8FfppS8k,S,0,0,.
Gail,Kitty,735 Crawford Dr,Anchorage,AK,99501,907-435-9166,gail@kitty.com,F,vKuuykSh,N,0,0,.
Gail,Similton,62 Monroe St,Thousand Palms,CA,92276,760-616-5388,gail_similton@similton.com,F,2Q4Q83JF,V,0,0,.
Galen,Cantres,617 Nw 36th Ave,Brook Park,OH,44142,216-600-6111,galen@yahoo.com,M,RXqUtGTu,S,0,0,.
Garry,Keetch,5 Green Pond Rd #4,Southampton,PA,18966,215-979-8776,garry_keetch@hotmail.com,F,VcNu8aUB,S,0,0,.
Gary,Nunlee,2 W Mount Royal Ave,Fortville,IN,46040,317-542-6023,gary_nunlee@nunlee.org,M,uz7RSegr,N,0,0,.
Gayla,Schnitzler,38 Pleasant Hill Rd,Hayward,CA,94545,510-686-3407,gschnitzler@gmail.com,F,HBYWtQ8K,N,0,0,.
Gearldine,Gellinger,4 Bloomfield Ave,Irving,TX,75061,972-934-6914,gearldine_gellinger@gellinger.com,F,kwV5XGtV,N,0,0,.
Geoffrey,Acey,7 West Ave #1,Palatine,IL,60067,847-222-1734,geoffrey@gmail.com,M,QphfWEtm,S,0,0,.
Georgene,Montezuma,98 University Dr,San Ramon,CA,94583,925-615-5185,gmontezuma@cox.net,M,zm2JeFQ2,S,0,0,.
Gertude,Witten,7 Tarrytown Rd,Cincinnati,OH,45217,513-977-7043,gertude.witten@gmail.com,F,eA6e7EEX,N,0,0,.
Gilma,Liukko,16452 Greenwich St,Garden City,NY,11530,516-393-9967,gilma_liukko@gmail.com,M,Rum9WVuL,N,0,0,.
Gladys,Rim,322 New Horizon Blvd,Milwaukee,WI,53207,414-661-9598,gladys.rim@rim.org,M,MfxKccDQ,S,0,0,.
Glen,Bartolet,8739 Hudson St,Vashon,WA,98070,206-697-5796,glen_bartolet@hotmail.com,F,kszPpH24,S,0,0,.
Glendora,Sarbacher,2140 Diamond Blvd,Rohnert Park,CA,94928,707-653-8214,gsarbacher@gmail.com,M,rryhGbJR,V,0,0,.
Glenn,Berray,29 Cherry St #7073,Des Moines,IA,50315,515-370-7348,gberray@gmail.com,M,Yd2HeYrf,V,0,0,.
Glenna,Slayton,2759 Livingston Ave,Memphis,TN,38118,901-640-9178,glenna_slayton@cox.net,F,cQrmaksM,S,0,0,.
Glory,Kulzer,55892 Jacksonville Rd,Owings Mills,MD,21117,410-224-9462,gkulzer@kulzer.org,M,WZcTqkgL,S,0,0,.
Glory,Schieler,5 E Truman Rd,Abilene,TX,79602,325-869-2649,glory@yahoo.com,F,sTTmXLhS,N,0,0,.
Golda,Kaniecki,6201 S Nevada Ave,Toms River,NJ,84755,732-628-9909,golda_kaniecki@yahoo.com,M,3hGnT6M3,S,0,0,.
Goldie,Schirpke,34 Saint George Ave #2,Bangor,ME,44001,207-295-7569,goldie.schirpke@yahoo.com,M,ukdSC7nc,V,0,0,.
Gracia,Melnyk,97 Airport Loop Dr,Jacksonville,FL,32216,904-235-3633,gracia@melnyk.com,F,PuxRnZeS,N,0,0,.
Graciela,Ruta,98 Connecticut Ave Nw,Chagrin Falls,OH,44023,440-780-8425,gruta@cox.net,F,58ag4cn7,N,0,0,.
Gregoria,Pawlowicz,455 N Main Ave,Garden City,NY,11530,516-212-1915,gpawlowicz@yahoo.com,M,RjxF4QHv,S,0,0,.
Gwenn,Suffield,3270 Dequindre Rd,Deer Park,NY,11729,631-258-6558,gwenn_suffield@suffield.org,M,d3bbRAqL,S,0,0,.
Harrison,Haufler,759 Eldora St,New Haven,CT,65125,203-801-6193,hhaufler@hotmail.com,F,pJZ8SHLT,V,0,0,.
Haydee,Denooyer,25346 New Rd,New York,NY,10016,212-792-8658,hdenooyer@denooyer.org,F,eLaSnwbc,S,0,0,.
Heike,Berganza,3 Railway Ave #75,Little Falls,NJ,74424,973-936-5095,heike@gmail.com,M,cXrwtw4r,S,0,0,.
Helaine,Halter,8 Sheridan Rd,Jersey City,NJ,73084,201-832-4168,hhalter@yahoo.com,M,xDsjeBBZ,V,0,0,.
Helene,Rodenberger,347 Chestnut St,Peoria,AZ,85381,623-461-8551,helene@aol.com,M,sgatQB3G,S,0,0,.
Helga,Fredicks,42754 S Ash Ave,Buffalo,NY,14228,716-752-4114,helga_fredicks@yahoo.com,F,hvNU2VaU,S,0,0,.
Herman,Demesa,9 Norristown Rd,Troy,NY,12180,518-497-2940,hdemesa@cox.net,M,aws7Z7d9,V,0,0,.
Hermila,Thyberg,1 Rancho Del Mar Shopping C,Providence,RI,29003,401-893-4882,hermila_thyberg@hotmail.com,F,HA9SjybH,N,0,0,.
Herminia,Nicolozakes,4 58th St #3519,Scottsdale,AZ,85254,602-954-5141,herminia@nicolozakes.org,F,hstkCD32,S,0,0,.
Hillary,Skulski,9 Wales Rd Ne #914,Homosassa,FL,34448,352-242-2570,hillary.skulski@aol.com,M,P6dYKG42,N,0,0,.
Hoa,Sarao,27846 Lafayette Ave,Oak Hill,FL,32759,386-526-7800,hoa@sarao.org,M,uR6VAfb3,S,0,0,.
Howard,Paulas,866 34th Ave,Denver,CO,80231,303-623-4241,hpaulas@gmail.com,M,BEdtaP7x,N,0,0,.
Hubert,Walthall,95 Main Ave #2,Barberton,OH,44203,330-903-1345,hubert@walthall.org,M,yLF7ahxh,S,0,0,.
Ilene,Eroman,2853 S Central Expy,Glen Burnie,MD,21061,410-914-9018,ilene.eroman@hotmail.com,M,yhhevAk7,N,0,0,.
Iluminada,Ohms,72 Southern Blvd,Mesa,AZ,85204,480-293-2882,iluminada.ohms@yahoo.com,F,sWFCAudL,V,0,0,.
Irma,Wolfgramm,9745 W Main St,Randolph,NJ,78629,973-545-7355,irma.wolfgramm@hotmail.com,M,mbnRXqYw,V,0,0,.
Izetta,Dewar,2 W Scyene Rd #3,Baltimore,MD,21217,410-473-1708,idewar@dewar.com,M,7qRtsWfR,V,0,0,.
Izetta,Funnell,82 Winsor St #54,Atlanta,GA,30340,770-844-3447,izetta.funnell@hotmail.com,F,mYxYG8UB,V,0,0,.
Jaclyn,Bachman,721 Interstate 45 S,Colorado Springs,CO,80919,719-853-3600,jaclyn@aol.com,F,tWbJgjkA,V,0,0,.
Jacqueline,Rowling,1 N San Saba,Erie,PA,16501,814-865-8113,jacqueline.rowling@yahoo.com,M,JsNjd3VR,V,0,0,.
Jade,Farrar,6882 Torresdale Ave,Columbia,SC,29201,803-352-5387,jade.farrar@yahoo.com,F,6a4Kuxt3,S,0,0,.
Jamal,Vanausdal,53075 Sw 152nd Ter #615,Monroe Township,NJ,88341,732-234-1546,jamal@vanausdal.org,F,VNzgV5qQ,S,0,0,.
James,Butt,6649 N Blue Gum St,New Orleans,LA,70116,504-621-8927,jbutt@gmail.com,F,naENAc7h,N,0,0,.
Janey,Gabisi,40 Cambridge Ave,Madison,WI,53715,608-967-7194,jgabisi@hotmail.com,M,K9TKS9PM,S,0,0,.
Jani,Biddy,61556 W 20th Ave,Seattle,WA,98104,206-711-6498,jbiddy@yahoo.com,F,YANgHvZ2,S,0,0,.
Janine,Rhoden,92 Broadway,Astoria,NY,11103,718-228-5894,jrhoden@yahoo.com,F,g8Hdn7Hw,S,0,0,.
Jeanice,Claucherty,19 Amboy Ave,Miami,FL,33142,305-988-4162,jeanice.claucherty@yahoo.com,F,QLjBzkTx,S,0,0,.
Jenelle,Regusters,3211 E Northeast Loop,Tampa,FL,33619,813-932-8715,jregusters@regusters.com,F,8bLCEQgH,V,0,0,.
Jennie,Drymon,63728 Poway Rd #1,Scranton,PA,18509,570-218-4831,jennie@cox.net,M,WAFDBJnW,V,0,0,.
Jennifer,Fallick,44 58th St,Wheeling,IL,60090,847-979-9545,jfallick@yahoo.com,F,FqHxznZA,S,0,0,.
Jerry,Dallen,393 Lafayette Ave,Richmond,VA,23219,804-762-9576,jerry.dallen@yahoo.com,F,JybMNv48,V,0,0,.
Jerry,Zurcher,77 Massillon Rd #822,Satellite Beach,FL,32937,321-518-5938,jzurcher@zurcher.org,F,vPECVThy,V,0,0,.
Jess,Chaffins,18 3rd Ave,New York,NY,10016,212-510-4633,jess.chaffins@chaffins.org,F,fwWc9Mrh,S,0,0,.
Jesusa,Shin,2239 Shawnee Mission Pky,Tullahoma,TN,37388,931-273-8709,jshin@shin.com,F,6RkZXsJa,S,0,0,.
Jesusita,Flister,3943 N Highland Ave,Lancaster,PA,17601,717-885-9118,jesusita.flister@hotmail.com,F,MNzxbB4y,N,0,0,.
Jettie,Mconnell,50 E Wacker Dr,Bridgewater,NJ,88807,908-802-3564,jmconnell@hotmail.com,M,AXg5rnCb,N,0,0,.
Jina,Briddick,38938 Park Blvd,Boston,MA,21208,617-399-5124,jina_briddick@briddick.com,F,BbhPHr7s,S,0,0,.
Joanna,Leinenbach,1 Washington St,Lake Worth,FL,33461,561-470-4574,joanna_leinenbach@hotmail.com,F,ahw79qVU,S,0,0,.
Joesph,Degonia,2887 Knowlton St #5435,Berkeley,CA,94710,510-677-9785,joesph_degonia@degonia.org,M,VHeCNBba,V,0,0,.
Johnetta,Abdallah,1088 Pinehurst St,Chapel Hill,NC,27514,919-225-9345,johnetta_abdallah@aol.com,M,5VYdkCuJ,S,0,0,.
Johnna,Engelberg,5 S Colorado Blvd #449,Bothell,WA,98021,425-986-7573,jengelberg@engelberg.org,F,TBNL6WSN,V,0,0,.
Jolanda,Hanafan,37855 Nolan Rd,Bangor,ME,44701,207-458-9196,jhanafan@gmail.com,M,vJbW4M9Z,V,0,0,.
Jolene,Ostolaza,1610 14th St Nw,Newport News,VA,23608,757-682-7116,jolene@yahoo.com,F,pwqNhc95,N,0,0,.
Joni,Breland,35 E Main St #43,Elk Grove Village,IL,60007,847-519-5906,joni_breland@cox.net,F,tBwacRYJ,N,0,0,.
Jose,Stockham,128 Bransten Rd,New York,NY,10011,212-675-8570,jose@yahoo.com,F,ERYxDNp5,V,0,0,.
Joseph,Cryer,60 Fillmore Ave,Huntington Beach,CA,92647,714-584-2237,joseph_cryer@cox.net,F,RXGvx6aY,N,0,0,.
Josephine,Darakjy,4 B Blue Ridge Blvd,Brighton,MI,48116,810-292-9388,josephine_darakjy@darakjy.org,F,xSnAN7zn,S,0,0,.
Josphine,Villanueva,63 Smith Ln #8343,Moss,TN,38575,931-553-9774,josphine_villanueva@villanueva.com,F,eVeCqSvA,N,0,0,.
Jovita,Oles,8 S Haven St,Daytona Beach,FL,32114,386-248-4118,joles@gmail.com,F,5hbT28ZW,V,0,0,.
Judy,Aquas,8977 Connecticut Ave Nw #3,Niles,MI,49120,269-756-7222,jaquas@aquas.com,F,zF4KdFfd,V,0,0,.
Junita,Brideau,6 S Broadway St,Cedar Grove,NJ,77009,973-943-3423,jbrideau@aol.com,F,M46Zhjxq,V,0,0,.
Junita,Stoltzman,94 W Dodge Rd,Carson City,NV,89701,775-638-9963,junita@aol.com,F,GaabXKHm,S,0,0,.
Justine,Ferrario,48 Stratford Ave,Pomona,CA,91768,909-993-3242,jferrario@hotmail.com,F,QUMrv9FF,S,0,0,.
Justine,Mugnolo,38062 E Main St,New York,NY,10048,212-304-9225,jmugnolo@yahoo.com,M,YhdptNcC,N,0,0,.
Jutta,Amyot,49 N Mays St,Broussard,LA,70518,337-515-1438,jamyot@hotmail.com,M,pVhq8HEB,N,0,0,.
Kaitlyn,Ogg,2 S Biscayne Blvd,Baltimore,MD,21230,410-665-4903,kaitlyn.ogg@gmail.com,M,6XK3C5db,N,0,0,.
Kallie,Blackwood,701 S Harrison Rd,San Francisco,CA,94104,415-315-2761,kallie.blackwood@gmail.com,M,WAHteDBg,V,0,0,.
Kanisha,Waycott,5 Tomahawk Dr,Los Angeles,CA,90006,323-453-2780,kanisha_waycott@yahoo.com,M,wLLqbWYn,S,0,0,.
Karan,Karpin,3 Elmwood Dr,Beaverton,OR,97005,503-940-8327,karan_karpin@gmail.com,F,3WM9neZZ,N,0,0,.
Karl,Klonowski,76 Brooks St #9,Flemington,NJ,88221,908-877-6135,karl_klonowski@yahoo.com,M,76z96WxN,V,0,0,.
Kasandra,Semidey,369 Latham St #500,Saint Louis,MO,63102,314-732-9131,kasandra_semidey@semidey.com,M,LkqukBWn,V,0,0,.
Kate,Keneipp,33 N Michigan Ave,Green Bay,WI,54301,920-353-6377,kate_keneipp@yahoo.com,F,jSQz6W5L,V,0,0,.
Kati,Rulapaugh,6980 Dorsett Rd,Abilene,KS,67410,785-463-7829,kati.rulapaugh@hotmail.com,M,qVBWUvCs,N,0,0,.
Katina,Polidori,5 Little River Tpke,Wilmington,MA,18874,978-626-2978,katina_polidori@aol.com,M,T6zVCpph,V,0,0,.
Kattie,Vonasek,2845 Boulder Crescent St,Cleveland,OH,44103,216-923-3715,kattie@vonasek.org,F,ZhHC9YRK,N,0,0,.
Kayleigh,Lace,43 Huey P Long Ave,Lafayette,LA,70508,337-740-9323,kayleigh.lace@yahoo.com,M,973nJUAW,N,0,0,.
Keneth,Borgman,86350 Roszel Rd,Phoenix,AZ,85012,602-919-4211,keneth@yahoo.com,F,n6sGqAFY,V,0,0,.
Kenneth,Grenet,2167 Sierra Rd,East Lansing,MI,48823,517-499-2322,kenneth.grenet@grenet.org,F,N4EF3aNJ,S,0,0,.
Kerry,Theodorov,6916 W Main St,Sacramento,CA,95827,916-591-3277,kerry.theodorov@gmail.com,M,M5VuxRxs,N,0,0,.
Kiley,Caldarera,25 E 75th St #69,Los Angeles,CA,90034,310-498-5651,kiley.caldarera@aol.com,F,jtG6xYTT,N,0,0,.
Kimberlie,Duenas,8100 Jacksonville Rd #7,Hays,KS,67601,785-629-8542,kimberlie_duenas@yahoo.com,M,EV9u6YbD,N,0,0,.
Kimbery,Madarang,798 Lund Farm Way,Rockaway,NJ,78665,973-310-1634,kimbery_madarang@cox.net,M,N58e3gV4,N,0,0,.
Kirk,Herritt,88 15th Ave Ne,Vestal,NY,13850,607-407-3716,kirk.herritt@aol.com,M,5tJ5xX8x,N,0,0,.
Kris,Marrier,228 Runamuck Pl #2808,Baltimore,MD,21224,410-655-8723,kris@gmail.com,M,C4TzpL4r,S,0,0,.
Krissy,Rauser,8728 S Broad St,Coram,NY,11727,631-443-4710,krauser@cox.net,M,Xufe7tuU,S,0,0,.
Kristeen,Turinetti,70099 E North Ave,Arlington,TX,76013,817-213-8851,kristeen@gmail.com,F,cMfC25LH,N,0,0,.
Kristel,Ehmann,92899 Kalakaua Ave,El Paso,TX,79925,915-452-1290,kristel.ehmann@aol.com,F,mz7DZcLP,S,0,0,.
Kristofer,Bennick,772 W River Dr,Bloomington,IN,47404,812-368-1511,kristofer.bennick@yahoo.com,F,2Jw9CbK3,S,0,0,.
Lai,Gato,37 Alabama Ave,Evanston,IL,60201,847-728-7286,lai.gato@gato.org,M,TZw86fAV,V,0,0,.
Lai,Harabedian,1933 Packer Ave #2,Novato,CA,94945,415-423-3294,lai@gmail.com,M,7RN7M3qr,S,0,0,.
Larae,Gudroe,6651 Municipal Rd,Houma,LA,70360,985-890-7262,larae_gudroe@gmail.com,F,Gmw2Rqee,S,0,0,.
Lashandra,Klang,810 N La Brea Ave,King of Prussia,PA,19406,610-809-1818,lashandra@yahoo.com,F,sZhWy8AF,N,0,0,.
Lashaunda,Lizama,3387 Ryan Dr,Hanover,MD,21076,410-678-2473,llizama@cox.net,F,TVnEyYNH,S,0,0,.
Lashawnda,Stuer,7422 Martin Ave #8,Toledo,OH,43607,419-588-8719,lstuer@cox.net,M,rgB8rhBJ,N,0,0,.
Lashon,Vizarro,433 Westminster Blvd #590,Roseville,CA,95661,916-741-7884,lashon@aol.com,M,rbCCfhtk,S,0,0,.
Laticia,Merced,72 Mannix Dr,Cincinnati,OH,45203,513-508-7371,lmerced@gmail.com,F,wQYkwLK9,N,0,0,.
Latrice,Tolfree,81 Norris Ave #525,Ronkonkoma,NY,11779,631-957-7624,latrice.tolfree@hotmail.com,F,RxnGEeLD,V,0,0,.
Lauran,Burnard,66697 Park Pl #3224,Riverton,WY,82501,307-342-7795,lburnard@burnard.com,M,ZDqKmHUN,V,0,0,.
Laurel,Pagliuca,36 Enterprise St Se,Richland,WA,99352,509-695-5199,laurel@yahoo.com,M,tmVSrpYg,S,0,0,.
Laurel,Reitler,6 Kains Ave,Baltimore,MD,21215,410-520-4832,laurel_reitler@reitler.com,M,MBhe4QXc,S,0,0,.
Lavera,Perin,678 3rd Ave,Miami,FL,33196,305-606-7291,lperin@perin.org,F,qLVHZpEd,N,0,0,.
Lavonda,Hengel,87 Imperial Ct #79,Fargo,ND,58102,701-898-2154,lavonda@cox.net,M,GjsXpSRg,V,0,0,.
Lavonna,Wolny,5 Cabot Rd,Mc Lean,VA,22102,703-483-1970,lavonna.wolny@hotmail.com,F,qvFjApfs,S,0,0,.
Lawrence,Lorens,9 Hwy,Providence,RI,29060,401-465-6432,lawrence.lorens@hotmail.com,M,udV4xnMM,N,0,0,.
Layla,Springe,229 N Forty Driv,New York,NY,10011,212-260-3151,layla.springe@cox.net,M,Neqf2rnx,V,0,0,.
Leatha,Hagele,627 Walford Ave,Dallas,TX,75227,214-339-1809,lhagele@cox.net,F,sZNDWz6L,S,0,0,.
Lemuel,Latzke,70 Euclid Ave #722,Bohemia,NY,11716,631-748-6479,lemuel.latzke@gmail.com,M,XaT5Nuj5,N,0,0,.
Lenna,Newville,987 Main St,Raleigh,NC,27601,919-623-2524,lnewville@newville.com,F,WQrk23yv,S,0,0,.
Lenna,Paprocki,639 Main St,Anchorage,AK,99501,907-385-4412,lpaprocki@hotmail.com,M,56ae9an6,S,0,0,.
Leonida,Gobern,5 Elmwood Park Blvd,Biloxi,MS,39530,228-235-5615,leonida@gobern.org,M,KatuEjLh,N,0,0,.
Leonora,Mauson,3381 E 40th Ave,Passaic,NJ,70505,973-412-2995,leonora@yahoo.com,M,GjJN2DvA,N,0,0,.
Leota,Dilliard,7 W Jackson Blvd,San Jose,CA,95111,408-752-3500,leota@hotmail.com,F,8n3HWqQE,N,0,0,.
Leota,Ragel,99 5th Ave #33,Trion,GA,30753,706-221-4243,leota.ragel@gmail.com,M,kpKX687m,N,0,0,.
Leslie,Threets,2 A Kelley Dr,Katonah,NY,10536,914-861-9748,leslie@cox.net,M,4ANjffcE,V,0,0,.
Lettie,Isenhower,70 W Main St,Beachwood,OH,44122,216-657-7668,lettie_isenhower@yahoo.com,M,AxATZXBY,N,0,0,.
Levi,Munis,2094 Ne 36th Ave,Worcester,MA,16903,508-456-4907,levi.munis@gmail.com,F,KkhzjPUb,V,0,0,.
Lezlie,Craghead,749 W 18th St #45,Smithfield,NC,27577,919-533-3762,lezlie.craghead@craghead.org,F,JhxLbamy,V,0,0,.
Ligia,Reiber,206 Main St #2804,Lansing,MI,48933,517-906-1108,lreiber@cox.net,F,cGXpzzzS,N,0,0,.
Lili,Paskin,20113 4th Ave E,Kearny,NJ,70302,201-431-2989,lili.paskin@cox.net,F,KWAJgcGA,N,0,0,.
Lilli,Scriven,33 State St,Abilene,TX,79601,325-631-1560,lilli@aol.com,F,xYPTM2nh,V,0,0,.
Lindsey,Dilello,52777 Leaders Heights Rd,Ontario,CA,91761,909-639-9887,lindsey.dilello@hotmail.com,M,5e6ZV9jX,S,0,0,.
Linn,Paa,1 S Pine St,Memphis,TN,38112,901-412-4381,linn_paa@paa.com,M,M2UxVmS3,V,0,0,.
Lisha,Centini,64 5th Ave #1153,Mc Lean,VA,22102,703-235-3937,lisha@centini.org,M,3RR5G43c,V,0,0,.
Lizbeth,Kohl,35433 Blake St #588,Gardena,CA,90248,310-699-1222,lizbeth@yahoo.com,M,rmT74HDd,S,0,0,.
Lizette,Stem,501 N 19th Ave,Cherry Hill,NJ,80021,856-487-5412,lizette.stem@aol.com,F,92X8wsx7,S,0,0,.
Lonna,Diestel,1482 College Ave,Fayetteville,NC,28301,910-922-3672,lonna_diestel@gmail.com,M,u3E9ZEMJ,V,0,0,.
Lonny,Weglarz,51120 State Route 18,Salt Lake City,UT,84115,801-293-9853,lonny_weglarz@gmail.com,F,V7JM2Jfz,S,0,0,.
Lorean,Martabano,85092 Southern Blvd,San Antonio,TX,78204,210-856-4979,lorean.martabano@hotmail.com,F,tERTk8x5,V,0,0,.
Loren,Asar,6 Ridgewood Center Dr,Old Forge,PA,18518,570-648-3035,loren.asar@aol.com,F,rh4dagaN,S,0,0,.
Loreta,Timenez,47857 Coney Island Ave,Clinton,MD,20735,301-696-6420,loreta.timenez@hotmail.com,F,3wasQXvr,V,0,0,.
Lorrie,Nestle,39 S 7th St,Tullahoma,TN,37388,931-875-6644,lnestle@hotmail.com,M,As48gFNg,S,0,0,.
Lorrine,Worlds,8 Fair Lawn Ave,Tampa,FL,33614,813-769-2939,lorrine.worlds@worlds.com,M,qEbJn9hf,N,0,0,.
Louisa,Cronauer,524 Louisiana Ave Nw,San Leandro,CA,94577,510-828-7047,louisa@cronauer.com,F,973fHrZg,N,0,0,.
Louvenia,Beech,598 43rd St,Beverly Hills,CA,90210,310-820-2117,louvenia.beech@beech.com,M,rjcWAbjF,S,0,0,.
Lucina,Lary,8597 W National Ave,Cocoa,FL,32922,321-749-4981,lucina_lary@cox.net,M,kwwZ3LNU,S,0,0,.
Lucy,Treston,57254 Brickell Ave #372,Worcester,MA,16020,508-769-5250,lucy@cox.net,M,y3EgTjHQ,N,0,0,.
Luisa,Jurney,25 Se 176th Pl,Cambridge,MA,21138,617-365-2134,ljurney@hotmail.com,F,hu2wtrTL,S,0,0,.
Lynelle,Auber,32820 Corkwood Rd,Newark,NJ,71045,973-860-8610,lynelle_auber@gmail.com,F,JDV7538K,S,0,0,.
Ma,Layous,78112 Morris Ave,North Haven,CT,64733,203-721-3388,mlayous@hotmail.com,M,JKAS4Y2j,N,0,0,.
Maile,Linahan,9 Plainsboro Rd #598,Greensboro,NC,27409,336-670-2640,mlinahan@yahoo.com,M,yMYS4EjZ,V,0,0,.
Malcolm,Tromblay,747 Leonis Blvd,Annandale,VA,22003,703-221-5602,malcolm_tromblay@cox.net,F,SBCs94um,N,0,0,.
Malinda,Hochard,55 Riverside Ave,Indianapolis,IN,46202,317-722-5066,malinda.hochard@yahoo.com,M,MV4Zbx4u,S,0,0,.
Margart,Meisel,868 State St #38,Cincinnati,OH,45251,513-617-2362,margart_meisel@yahoo.com,M,9MYXLk2A,N,0,0,.
Marge,Limmel,189 Village Park Rd,Crestview,FL,32536,850-430-1663,marge@gmail.com,M,brRfYmJp,V,0,0,.
Marguerita,Hiatt,82 N Highway 67,Oakley,CA,94561,925-634-7158,marguerita.hiatt@gmail.com,M,VZsCy8Mw,N,0,0,.
Mari,Lueckenbach,1 Century Park E,San Diego,CA,92110,858-793-9684,mari_lueckenbach@yahoo.com,F,3FhRWv7V,V,0,0,.
Mariann,Bilden,3125 Packer Ave #9851,Austin,TX,78753,512-223-4791,mariann.bilden@aol.com,M,PqMAkV7V,V,0,0,.
Marjory,Mastella,71 San Mateo Ave,Wayne,PA,19087,610-814-5533,mmastella@mastella.com,M,BvLPP6xU,S,0,0,.
Markus,Lukasik,89 20th St E #779,Sterling Heights,MI,48310,586-970-7380,markus@yahoo.com,M,zQFQYQka,N,0,0,.
Marti,Maybury,4 Warehouse Point Rd #7,Chicago,IL,60638,773-775-4522,marti.maybury@yahoo.com,M,hdJuTjfp,S,0,0,.
Martina,Staback,7 W Wabansia Ave #227,Orlando,FL,32822,407-471-6908,martina_staback@staback.com,M,b73VjCYh,V,0,0,.
Marvel,Raymo,9 Vanowen St,College Station,TX,77840,979-718-8968,mraymo@yahoo.com,F,vHUVwdfe,V,0,0,.
Maryann,Royster,74 S Westgate St,Albany,NY,12204,518-966-7987,mroyster@royster.com,F,qdXntdjD,S,0,0,.
Matthew,Neither,636 Commerce Dr #42,Shakopee,MN,55379,952-651-7597,mneither@yahoo.com,F,nzDMxutz,N,0,0,.
Mattie,Poquette,73 State Road 434 E,Phoenix,AZ,85013,602-277-4385,mattie@aol.com,M,naMQHKAT,S,0,0,.
Maurine,Yglesias,59 Shady Ln #53,Milwaukee,WI,53214,414-748-1374,maurine_yglesias@yglesias.com,M,5ct2F6Bw,S,0,0,.
Meaghan,Garufi,69734 E Carrillo St,Mc Minnville,TN,37110,931-313-9635,meaghan@hotmail.com,M,jvWGCN9j,V,0,0,.
Melissa,Wiklund,61 13 Stoneridge #835,Findlay,OH,45840,419-939-3613,melissa@cox.net,F,t5FfpdJt,S,0,0,.
Melodie,Knipp,326 E Main St #6496,Thousand Oaks,CA,91362,805-690-1682,mknipp@gmail.com,F,aWMGf4xq,N,0,0,.
Merilyn,Bayless,195 13n N,Santa Clara,CA,95054,408-758-5015,merilyn_bayless@cox.net,F,rwqDedTW,V,0,0,.
Merissa,Tomblin,34 Raritan Center Pky,Bellflower,CA,90706,562-579-6900,merissa.tomblin@gmail.com,M,vZTuhfLE,S,0,0,.
Merlyn,Lawler,4671 Alemany Blvd,Jersey City,NJ,73054,201-588-7810,merlyn_lawler@hotmail.com,F,jrSBFvwM,N,0,0,.
Micaela,Rhymes,20932 Hedley St,Concord,CA,94520,925-647-3298,micaela_rhymes@gmail.com,M,rs92dhQe,N,0,0,.
Minna,Amigon,2371 Jerrold Ave,Kulpsville,PA,19443,215-874-1229,minna_amigon@yahoo.com,M,pPcj6j6h,N,0,0,.
Mireya,Frerking,8429 Miller Rd,Pelham,NY,10803,914-868-5965,mireya.frerking@hotmail.com,F,ubfzDd7Q,S,0,0,.
Mirta,Mallett,7 S San Marcos Rd,New York,NY,10004,212-870-1286,mirta_mallett@gmail.com,M,XTEhuWbd,S,0,0,.
Mitsue,Scipione,77 222 Dr,Oroville,CA,95965,530-986-9272,mscipione@scipione.com,M,pj5bhgjL,V,0,0,.
Mitsue,Tollner,7 Eads St,Chicago,IL,60632,773-573-6914,mitsue_tollner@yahoo.com,F,ZZatWPZQ,N,0,0,.
Mitzie,Hudnall,17 Jersey Ave,Englewood,CO,80110,303-402-1940,mitzie_hudnall@yahoo.com,F,sbwUfpPm,N,0,0,.
Mollie,Mcdoniel,8590 Lake Lizzie Dr,Bowling Green,OH,43402,419-975-3182,mollie_mcdoniel@yahoo.com,M,eQ6MyE6u,N,0,0,.
Mona,Delasancha,38773 Gravois Ave,Cheyenne,WY,82001,307-403-1488,mdelasancha@hotmail.com,M,QDEDXQAE,N,0,0,.
Moon,Parlato,74989 Brandon St,Wellsville,NY,14895,585-866-8313,moon@yahoo.com,M,wDW5FhvP,N,0,0,.
Mozell,Pelkowski,577 Parade St,South San Francisco,CA,94080,650-947-1215,mpelkowski@pelkowski.org,M,KJP3yCgk,S,0,0,.
My,Rantanen,8 Mcarthur Ln,Richboro,PA,18954,215-491-5633,my@hotmail.com,F,HTyyzRgV,S,0,0,.
Myra,Munns,461 Prospect Pl #316,Euless,TX,76040,817-914-7518,mmunns@cox.net,F,THE938hJ,S,0,0,.
Nan,Koppinger,88827 Frankford Ave,Greensboro,NC,27401,336-370-5333,nan@koppinger.com,M,6Ly8WBJu,N,0,0,.
Nana,Wrinkles,6 Van Buren St,Mount Vernon,NY,10553,914-855-2115,nana@aol.com,M,sRVqVLR5,V,0,0,.
Natalie,Fern,7140 University Ave,Rock Springs,WY,82901,307-704-8713,natalie.fern@hotmail.com,M,bws4xvhe,V,0,0,.
Nelida,Sawchuk,3 State Route 35 S,Paramus,NJ,76521,201-971-1638,nelida@gmail.com,F,jVWnYyp3,S,0,0,.
Nichelle,Meteer,72 Beechwood Ter,Chicago,IL,60657,773-225-9985,nichelle_meteer@meteer.com,M,THXXy5mA,N,0,0,.
Nickolas,Juvera,177 S Rider Trl #52,Crystal River,FL,34429,352-598-8301,nickolas_juvera@cox.net,M,KtapTLdF,V,0,0,.
Nicolette,Brossart,1 Midway Rd,Westborough,MA,15818,508-837-9230,nicolette_brossart@brossart.com,F,3tYPhJKU,V,0,0,.
Nieves,Gotter,4940 Pulaski Park Dr,Portland,OR,97202,503-527-5274,nieves_gotter@gmail.com,M,vZ6wwu2D,N,0,0,.
Noah,Kalafatis,1950 5th Ave,Milwaukee,WI,53209,414-263-5287,noah.kalafatis@aol.com,M,ckPYcbfG,V,0,0,.
Nobuko,Halsey,8139 I Hwy 10 #92,New Bedford,MA,27450,508-855-9887,nobuko.halsey@yahoo.com,F,Q6Zdjrze,N,0,0,.
Norah,Waymire,6 Middlegate Rd #106,San Francisco,CA,94107,415-306-7897,norah.waymire@gmail.com,F,WHbZjXRx,N,0,0,.
Novella,Degroot,303 N Radcliffe St,Hilo,HI,96720,808-477-4775,novella_degroot@degroot.org,M,5Lx2kyVM,S,0,0,.
Nu,Mcnease,88 Sw 28th Ter,Harrison,NJ,70294,973-751-9003,nu@gmail.com,M,juWUbKfm,N,0,0,.
Olive,Matuszak,13252 Lighthouse Ave,Cathedral City,CA,92234,760-938-6069,olive@aol.com,M,Degtk9bQ,V,0,0,.
Oretha,Menter,8 County Center Dr #647,Boston,MA,22101,617-418-5043,oretha_menter@yahoo.com,M,75mp6rjL,N,0,0,.
Ozell,Shealy,8 Industry Ln,New York,NY,10002,212-332-8435,oshealy@hotmail.com,F,r9xYtGtf,N,0,0,.
Pamella,Fortino,669 Packerland Dr #1438,Denver,CO,80212,303-404-2210,pamella@fortino.com,F,jZ3jMe96,S,0,0,.
Pamella,Schmierer,5161 Dorsett Rd,Homestead,FL,33030,305-420-8970,pamella.schmierer@schmierer.org,F,2wk9GSFS,N,0,0,.
Paris,Wide,187 Market St,Atlanta,GA,30342,404-505-4445,paris@hotmail.com,M,EN2z6jFg,N,0,0,.
Paz,Sahagun,919 Wall Blvd,Meridian,MS,39307,601-927-8287,paz_sahagun@cox.net,M,GhH2PyCT,V,0,0,.
Peggie,Sturiale,9 N 14th St,El Cajon,CA,92020,619-608-1763,peggie@cox.net,M,wDEsVBgd,N,0,0,.
Penney,Weight,18 Fountain St,Anchorage,AK,99515,907-797-9628,penney_weight@aol.com,F,Yv3zCxtz,V,0,0,.
Pete,Dubaldi,2215 Prosperity Dr,Lyndhurst,NJ,70701,201-825-2514,pdubaldi@hotmail.com,F,Yrt4gMDY,N,0,0,.
Portia,Stimmel,3732 Sherman Ave,Bridgewater,NJ,88007,908-722-7128,portia.stimmel@aol.com,M,2eSvVzcd,N,0,0,.
Quentin,Birkner,7061 N 2nd St,Burnsville,MN,55337,952-702-7993,qbirkner@aol.com,M,cm7SwThr,V,0,0,.
Quentin,Swayze,278 Bayview Ave,Milan,MI,48160,734-561-6170,quentin_swayze@yahoo.com,F,MyxsWKa2,S,0,0,.
Raina,Brachle,3829 Ventura Blvd,Butte,MT,59701,406-318-1515,raina.brachle@brachle.org,F,X7xTYgyS,V,0,0,.
Rasheeda,Sayaphon,251 Park Ave #979,Saratoga,CA,95070,408-805-4309,rasheeda@aol.com,F,vRxL3cfW,S,0,0,.
Raul,Upthegrove,4 E Colonial Dr,La Mesa,CA,91942,619-509-5282,rupthegrove@yahoo.com,F,VDzXZHsQ,S,0,0,.
Raylene,Kampa,2 Sw Nyberg Rd,Elkhart,IN,46514,574-499-1454,rkampa@kampa.org,F,hWjX67jj,N,0,0,.
Raymon,Calvaresi,6538 E Pomona St #60,Indianapolis,IN,46222,317-825-4724,raymon.calvaresi@gmail.com,M,eggQPt9J,S,0,0,.
Rebecka,Gesick,2026 N Plankinton Ave #3,Austin,TX,78754,512-213-8574,rgesick@gesick.org,M,QGMDWsT9,N,0,0,.
Reena,Maisto,9648 S Main,Salisbury,MD,21801,410-351-1863,reena@hotmail.com,F,Z7MkQnPt,S,0,0,.
Refugia,Jacobos,2184 Worth St,Hayward,CA,94545,510-974-8671,refugia.jacobos@jacobos.com,F,WMrCHfhE,V,0,0,.
Regenia,Kannady,10759 Main St,Scottsdale,AZ,85260,480-726-1280,regenia.kannady@cox.net,M,LfFEFZUX,N,0,0,.
Reita,Leto,55262 N French Rd,Indianapolis,IN,46240,317-234-1135,reita.leto@gmail.com,M,bvHZXX6b,N,0,0,.
Renea,Monterrubio,26 Montgomery St,Atlanta,GA,30328,770-679-4752,renea@hotmail.com,F,bAXfjvsP,V,0,0,.
Ressie,Auffrey,23 Palo Alto Sq,Miami,FL,33134,305-604-8981,ressie.auffrey@yahoo.com,F,67KUv7ug,S,0,0,.
Rhea,Aredondo,25657 Live Oak St,Brooklyn,NY,11226,718-560-9537,rhea_aredondo@cox.net,M,sdJJFuNv,V,0,0,.
Rickie,Plumer,3 N Groesbeck Hwy,Toledo,OH,43613,419-693-1334,rickie.plumer@aol.com,F,hyk8rWMQ,N,0,0,.
Rikki,Nayar,1644 Clove Rd,Miami,FL,33155,305-968-9487,rikki@nayar.com,M,XJkYuKxS,N,0,0,.
Rima,Bevelacqua,2972 Lafayette Ave,Gardena,CA,90248,310-858-5079,rima@cox.net,M,N7W6ACfC,N,0,0,.
Rodolfo,Butzen,41 Steel Ct,Northfield,MN,55057,507-210-3510,rodolfo@hotmail.com,M,jhznWPcw,V,0,0,.
Rolande,Spickerman,65 W Maple Ave,Pearl City,HI,96782,808-315-3077,rolande.spickerman@spickerman.com,M,CLj899TE,S,0,0,.
Rolland,Francescon,2726 Charcot Ave,Paterson,NJ,75001,973-649-2922,rolland@cox.net,M,wNvPMyvP,S,0,0,.
Ronny,Caiafa,73 Southern Blvd,Philadelphia,PA,19103,215-605-7570,ronny.caiafa@caiafa.org,M,c5Ccd4Sf,V,0,0,.
Roosevelt,Hoffis,60 Old Dover Rd,Hialeah,FL,33014,305-622-4739,roosevelt.hoffis@aol.com,F,dZC2rnew,S,0,0,.
Rory,Papasergi,83 County Road 437 #8581,Clarks Summit,PA,18411,570-867-7489,rpapasergi@cox.net,M,W6PXQrAT,N,0,0,.
Roselle,Estell,8116 Mount Vernon Ave,Bucyrus,OH,44820,419-571-5920,roselle.estell@hotmail.com,M,sty2qVns,S,0,0,.
Rosio,Cork,4 10th St W,High Point,NC,27263,336-243-5659,rosio.cork@gmail.com,F,bHAzxZyb,N,0,0,.
Roslyn,Chavous,63517 Dupont St,Jackson,MS,39211,601-234-9632,roslyn.chavous@chavous.org,F,7WYUeX2e,S,0,0,.
Roxane,Campain,1048 Main St,Fairbanks,AK,99708,907-231-4722,roxane@hotmail.com,M,EUa6tTk3,S,0,0,.
Rozella,Ostrosky,17 Morena Blvd,Camarillo,CA,93012,805-832-6163,rozella.ostrosky@ostrosky.com,F,E2bcDC4P,S,0,0,.
Ruthann,Keener,3424 29th St Se,Kerrville,TX,78028,830-258-2769,ruthann@hotmail.com,F,VDegLeRy,N,0,0,.
Ryan,Harnos,13 Gunnison St,Plano,TX,75075,972-558-1665,ryan@cox.net,F,K57zG4f4,V,0,0,.
Sabra,Uyetake,98839 Hawthorne Blvd #6101,Columbia,SC,29201,803-925-5213,sabra@uyetake.org,M,FVrSCKVP,N,0,0,.
Sage,Wieser,5 Boston Ave #88,Sioux Falls,SD,57105,605-414-2147,sage_wieser@cox.net,M,QR8Ldrgh,N,0,0,.
Salena,Karpel,1 Garfield Ave #7,Canton,OH,44707,330-791-8557,skarpel@cox.net,M,BwJy9pcr,N,0,0,.
Salome,Lacovara,9677 Commerce Dr,Richmond,VA,23219,804-550-5097,slacovara@gmail.com,M,DQRVCkzp,N,0,0,.
Samira,Heintzman,8772 Old County Rd #5410,Kent,WA,98032,206-311-4137,sheintzman@hotmail.com,F,KXQdjMVA,V,0,0,.
Sarah,Candlish,45 2nd Ave #9759,Atlanta,GA,30328,770-732-1194,sarah.candlish@gmail.com,F,XjrJMMsd,N,0,0,.
Scarlet,Cartan,9390 S Howell Ave,Albany,GA,31701,229-735-3378,scarlet.cartan@yahoo.com,M,H8hyvRpd,N,0,0,.
Selma,Husser,9 State Highway 57 #22,Jersey City,NJ,73006,201-991-8369,selma.husser@cox.net,M,UXg84FSP,N,0,0,.
Serina,Zagen,7 S Beverly Dr,Fort Wayne,IN,46802,260-273-3725,szagen@aol.com,M,GdYB7d4a,V,0,0,.
Shalon,Shadrick,61047 Mayfield Ave,Brooklyn,NY,11223,718-232-2337,shalon@cox.net,M,GUJJQufY,N,0,0,.
Sharee,Maile,2094 Montour Blvd,Muskegon,MI,49442,231-467-9978,sharee_maile@aol.com,M,fJFEvSTF,N,0,0,.
Sharen,Bourbon,62 W Austin St,Syosset,NY,11791,516-816-1541,sbourbon@yahoo.com,M,K85ExeMt,S,0,0,.
Sharika,Eanes,75698 N Fiesta Blvd,Orlando,FL,32806,407-312-1691,sharika.eanes@aol.com,M,6zytzxuJ,V,0,0,.
Shawna,Palaspas,5 N Cleveland Massillon Rd,Thousand Oaks,CA,91362,805-275-3566,shawna_palaspas@palaspas.org,M,fahjbuEU,V,0,0,.
Shawnda,Yori,50126 N Plankinton Ave,Longwood,FL,32750,407-538-5106,shawnda.yori@yahoo.com,M,qEdh5nvm,S,0,0,.
Shenika,Seewald,4 Otis St,Van Nuys,CA,91405,818-423-4007,shenika@gmail.com,F,hxnZhnFC,V,0,0,.
Sheridan,Zane,2409 Alabama Rd,Riverside,CA,92501,951-645-3605,sheridan.zane@zane.com,M,RJfXrjaW,S,0,0,.
Sherita,Saras,8 Us Highway 22,Colorado Springs,CO,80937,719-669-1664,sherita.saras@cox.net,M,7Q9JNte6,V,0,0,.
Sheron,Louissant,97 E 3rd St #9,Long Island City,NY,11101,718-976-8610,sheron@aol.com,F,s34BxVft,V,0,0,.
Shonda,Greenbush,82 Us Highway 46,Clifton,NJ,70110,973-482-2430,shonda_greenbush@cox.net,F,LUFXrHrE,S,0,0,.
Simona,Morasca,3 Mcauley Dr,Ashland,OH,44805,419-503-2484,simona@morasca.com,F,98EXWJsf,N,0,0,.
Skye,Fillingim,25 Minters Chapel Rd #9,Minneapolis,MN,55401,612-508-2655,skye_fillingim@yahoo.com,M,hG29eHWm,V,0,0,.
Solange,Shinko,426 Wolf St,Metairie,LA,70002,504-979-9175,solange@shinko.com,M,2dYgPtWb,V,0,0,.
Staci,Schmaltz,18 Coronado Ave #563,Pasadena,CA,91106,626-866-2339,staci_schmaltz@aol.com,F,bFCRfDYC,S,0,0,.
Stephaine,Barfield,47154 Whipple Ave Nw,Gardena,CA,90247,310-774-7643,stephaine@barfield.com,M,pa6HcwSY,N,0,0,.
Stephaine,Vinning,3717 Hamann Industrial Pky,San Francisco,CA,94104,415-767-6596,stephaine@cox.net,F,X2VdykpD,N,0,0,.
Stephane,Myricks,9 Tower Ave,Burlington,KY,41005,859-717-7638,stephane_myricks@cox.net,F,NMppefjw,N,0,0,.
Stephen,Emigh,3777 E Richmond St #900,Akron,OH,44302,330-537-5358,stephen_emigh@hotmail.com,M,fwcQyvb6,V,0,0,.
Stevie,Westerbeck,26659 N 13th St,Costa Mesa,CA,92626,949-867-4077,stevie.westerbeck@yahoo.com,M,hP4QYv9q,N,0,0,.
Sue,Kownacki,2 Se 3rd Ave,Mesquite,TX,75149,972-666-3413,sue@aol.com,F,63UXCNMw,N,0,0,.
Sylvia,Cousey,287 Youngstown Warren Rd,Hampstead,MD,21074,410-209-9545,sylvia_cousey@cousey.org,F,xyzWXZNu,V,0,0,.
Sylvie,Ryser,649 Tulane Ave,Tulsa,OK,74105,918-644-9555,sylvie@aol.com,F,GnZAScWF,V,0,0,.
Talia,Riopelle,1 N Harlem Ave #9,Orange,NJ,70500,973-245-2133,talia_riopelle@aol.com,M,YYnWRDW7,S,0,0,.
Tamar,Hoogland,2737 Pistorio Rd #9230,London,OH,43140,740-343-8575,tamar@hotmail.com,M,fP3rAj8c,N,0,0,.
Tammara,Wardrip,4800 Black Horse Pike,Burlingame,CA,94010,650-803-1936,twardrip@cox.net,M,FvCK3V7L,N,0,0,.
Tarra,Nachor,39 Moccasin Dr,San Francisco,CA,94104,415-411-1775,tarra.nachor@cox.net,F,fKSWTHTa,N,0,0,.
Taryn,Moyd,48 Lenox St,Fairfax,VA,22030,703-322-4041,taryn.moyd@hotmail.com,F,qE9g4fSE,S,0,0,.
Tasia,Andreason,4 Cowesett Ave,Kearny,NJ,70320,201-920-9002,tasia_andreason@yahoo.com,M,JcJtkdN7,S,0,0,.
Tawna,Buvens,3305 Nabell Ave #679,New York,NY,10009,212-674-9610,tawna@gmail.com,F,yXZuGjR9,V,0,0,.
Teddy,Pedrozo,46314 Route 130,Bridgeport,CT,66100,203-892-3863,teddy_pedrozo@aol.com,M,D3uuZ8vF,N,0,0,.
Tegan,Arceo,62260 Park Stre,Monroe Township,NJ,88310,732-730-2692,tegan.arceo@arceo.org,M,DfB2p2JQ,V,0,0,.
Teri,Ennaco,99 Tank Farm Rd,Hazleton,PA,18201,570-889-5187,tennaco@gmail.com,M,hsJLqqJt,V,0,0,.
Terrilyn,Rodeigues,3718 S Main St,New Orleans,LA,70130,504-463-4384,terrilyn.rodeigues@cox.net,F,5kKRjNrf,V,0,0,.
Thaddeus,Ankeny,5 Washington St #1,Roseville,CA,95678,916-920-3571,tankeny@ankeny.org,M,zYDNyEMM,S,0,0,.
Theodora,Restrepo,42744 Hamann Industrial Pky #82,Miami,FL,33136,305-936-8226,theodora.restrepo@restrepo.com,M,MQRc3bVQ,V,0,0,.
Theola,Frey,54169 N Main St,Massapequa,NY,11758,516-948-5768,theola_frey@frey.com,F,NzStMBjK,N,0,0,.
Thurman,Manno,9387 Charcot Ave,Absecon,NJ,82010,609-524-3586,thurman.manno@yahoo.com,F,GEv4ZbHG,S,0,0,.
Tiera,Frankel,87 Sierra Rd,El Monte,CA,91731,626-636-4117,tfrankel@aol.com,F,naG5TdBU,S,0,0,.
Tiffiny,Steffensmeier,32860 Sierra Rd,Miami,FL,33133,305-385-9695,tiffiny_steffensmeier@cox.net,M,wVWLsDmj,S,0,0,.
Timothy,Mulqueen,44 W 4th St,Staten Island,NY,10309,718-332-6527,timothy_mulqueen@mulqueen.org,F,udC56huN,S,0,0,.
Tonette,Wenner,4545 Courthouse Rd,Westbury,NY,11590,516-968-6051,twenner@aol.com,F,3BCWaaV2,S,0,0,.
Tracey,Modzelewski,77132 Coon Rapids Blvd Nw,Conroe,TX,77301,936-264-9294,tracey@hotmail.com,F,tzRNNdT3,S,0,0,.
Tresa,Sweely,22 Bridle Ln,Valley Park,MO,63088,314-359-9566,tresa_sweely@hotmail.com,M,wPvsbcXC,V,0,0,.
Trinidad,Mcrae,10276 Brooks St,San Francisco,CA,94105,415-331-9634,trinidad_mcrae@yahoo.com,F,JEvasNMA,V,0,0,.
Truman,Feichtner,539 Coldwater Canyon Ave,Bloomfield,NJ,70030,973-852-2736,tfeichtner@yahoo.com,M,Fnp8CreP,N,0,0,.
Twana,Felger,1 Commerce Way,Portland,OR,97224,503-939-3153,twana.felger@felger.org,M,EB9JptvW,N,0,0,.
Ty,Smith,4646 Kaahumanu St,Hackensack,NJ,76010,201-672-1553,tsmith@aol.com,F,LLQJZpFc,N,0,0,.
Tyra,Shields,3 Fort Worth Ave,Philadelphia,PA,19106,215-255-1641,tshields@gmail.com,M,NCAau2PT,V,0,0,.
Valentin,Klimek,137 Pioneer Way,Chicago,IL,60604,312-303-5453,vklimek@klimek.org,F,Rtt5rjaq,N,0,0,.
Valentine,Gillian,775 W 17th St,San Antonio,TX,78204,210-812-9597,valentine_gillian@gmail.com,M,pSjFA9p3,V,0,0,.
Vallie,Mondella,74 W College St,Boise,ID,83707,208-862-5339,vmondella@mondella.com,F,mjGDpAn5,S,0,0,.
Van,Shire,90131 J St,Pittstown,NJ,82867,908-409-2890,van.shire@shire.com,F,pfVLKhJp,S,0,0,.
Venita,Maillard,72119 S Walker Ave #63,Anaheim,CA,92801,714-523-6653,venita_maillard@gmail.com,M,k2BvmGsc,N,0,0,.
Veronika,Inouye,6 Greenleaf Ave,San Jose,CA,95111,408-540-1785,vinouye@aol.com,F,3syDJBJW,V,0,0,.
Vi,Rentfro,7163 W Clark Rd,Freehold,NJ,77281,732-605-4781,vrentfro@cox.net,M,B3nFpy4b,S,0,0,.
Vilma,Berlanga,79 S Howell Ave,Grand Rapids,MI,49546,616-737-3085,vberlanga@berlanga.com,F,jvYfnx5U,N,0,0,.
Vincent,Meinerding,4441 Point Term Mkt,Philadelphia,PA,19143,215-372-1718,vincent.meinerding@hotmail.com,F,jbWSHERZ,S,0,0,.
Vincenza,Zepp,395 S 6th St #2,El Cajon,CA,92020,619-603-5125,vzepp@gmail.com,F,bxeXqnbb,V,0,0,.
Viola,Bitsuie,70 Mechanic St,Northridge,CA,91325,818-864-4875,viola@gmail.com,M,2fWhyZJT,N,0,0,.
Virgie,Kiel,76598 Rd  I 95 #1,Denver,CO,80216,303-776-7548,vkiel@hotmail.com,M,LhkwpAXc,N,0,0,.
Virgina,Tegarden,755 Harbor Way,Milwaukee,WI,53226,414-214-8697,virgina_tegarden@tegarden.com,M,VvNL2Z8v,S,0,0,.
Viva,Toelkes,4284 Dorigo Ln,Chicago,IL,60647,773-446-5569,viva.toelkes@gmail.com,M,PBSAhMYX,V,0,0,.
Weldon,Acuff,73 W Barstow Ave,Arlington Heights,IL,60004,847-353-2156,wacuff@gmail.com,M,mLSR242J,N,0,0,.
Whitley,Tomasulo,2 S 15th St,Fort Worth,TX,76107,817-526-4408,whitley.tomasulo@aol.com,M,UVhkTeEa,V,0,0,.
Wilda,Giguere,1747 Calle Amanecer #2,Anchorage,AK,99501,907-870-5536,wilda@cox.net,F,9X5N4Q7b,S,0,0,.
Willard,Kolmetz,618 W Yakima Ave,Irving,TX,75062,972-303-9197,willard@hotmail.com,F,kvCbeZpr,S,0,0,.
Willodean,Konopacki,55 Hawthorne Blvd,Lafayette,LA,70506,337-253-8384,willodean_konopacki@konopacki.org,F,GHYDEZS6,N,0,0,.
Willow,Kusko,90991 Thorburn Ave,New York,NY,10011,212-582-4976,wkusko@yahoo.com,M,5EPEdRxP,V,0,0,.
Winfred,Brucato,201 Ridgewood Rd,Moscow,ID,83843,208-252-4552,winfred_brucato@hotmail.com,M,RpAbRC5X,N,0,0,.
Wynell,Dorshorst,94290 S Buchanan St,Pacifica,CA,94044,650-473-1262,wynell_dorshorst@dorshorst.org,M,rdQYSWsq,V,0,0,.
Xochitl,Discipio,3158 Runamuck Pl,Round Rock,TX,78664,512-233-1831,xdiscipio@gmail.com,M,z6NLZh5T,S,0,0,.
Xuan,Rochin,2 Monroe St,San Mateo,CA,94403,650-933-5072,xuan@gmail.com,F,XKXyHMnn,N,0,0,.
Yoko,Fishburne,9122 Carpenter Ave,New Haven,CT,65110,203-506-4706,yoko@fishburne.com,M,kLc8vJgs,S,0,0,.
Yolando,Luczki,422 E 21st St,Syracuse,NY,13214,315-304-4759,yolando@cox.net,M,FrApmGVW,S,0,0,.
Youlanda,Schemmer,2881 Lewis Rd,Prineville,OR,97754,541-548-8197,youlanda@aol.com,F,cmwLTEWr,N,0,0,.
Yuki,Whobrey,1 State Route 27,Taylor,MI,48180,313-288-7937,yuki_whobrey@aol.com,M,VBbpP8ha,S,0,0,.
Yvonne,Tjepkema,9 Waydell St,Fairfield,NJ,70040,973-714-1721,yvonne.tjepkema@hotmail.com,M,w7Mr6zLE,V,0,0,.
Zona,Colla,49440 Dearborn St,Norwalk,CT,68540,203-461-1949,zona@hotmail.com,F,bGWYFpbP,V,0,0,.
